,Tubelabel,Health_Status ,Starting_Weight,Extracted,Raw_ng_ul,Extraction_physical_location,Date_Enriched,Microbe_ng_ul,Microbe_Location,Checked_Microbe Location,Microbe_clean_date/n,Host_ng_ul,Host_Location,Checked_Host_Location,Host_clean_y/n,Date_Libprep,Status ,Notes ,Seq_date,Microbe_seq_file_R1,Microbe_seq_file_R2,Seq_Location (in Unity),Sample_Code = datecollected_tagnumber_transect_samplenumber_species
1,032024_COL_SAN_T5_144_PSTR,Healthy,236.7,06_24_2024,39,,08_13_2024,19,UML_NARWHAL_R6_B12,,08_13_2024,3.64,UML_NARWHAL_R6_B11,,n,10/3/24,sequenced,,10/16/24,032024_COL_SAN_T5_144_PSTR_S9_R1_001.fastq.gz,032024_COL_SAN_T5_144_PSTR_S9_R2_001.fastq.gz,/project/pi_sarah_gignouxwolfsohn_uml_edu/Raw_sequences/SCTLD_raw/COL/10162024,
2,032024_COL_SAN_T5_147_PSTR,Healthy,263.7,06_24_2024,23.4,,08_13_2024,4.18,UML_NARWHAL_R6_B12,,08_13_2024,0.868,UML_NARWHAL_R6_B11,,n,10/3/24,sequenced,,10/16/24,032024_COL_SAN_T5_147_PSTR_S10_R1_001.fastq.gz,032024_COL_SAN_T5_147_PSTR_S10_R2_001.fastq.gz,/project/pi_sarah_gignouxwolfsohn_uml_edu/Raw_sequences/SCTLD_raw/COL/10162024,
3,032024_COL_SAN_T5_154_PSTR,Healthy,185.1,06_24_2024,14.3,,08_13_2024,2.74,UML_NARWHAL_R6_B12,,08_13_2024,0.464,UML_NARWHAL_R6_B11,,n,10/3/24,sequenced,,10/16/24,032024_COL_SAN_T5_154_PSTR_S38_R1_001.fastq.gz,032024_COL_SAN_T5_154_PSTR_S38_R2_001.fastq.gz,/project/pi_sarah_gignouxwolfsohn_uml_edu/Raw_sequences/SCTLD_raw/COL/10162024,
4,032024_COL_SAN_T5_162_PSTR,Healthy,141.5,06_24_2024,8.66,,08_13_2024,1.5,UML_NARWHAL_R6_B12,,08_13_2024,0.2,UML_NARWHAL_R6_B11,,n,10/3/24,sequenced,,10/16/24,032024_COL_SAN_T5_162_PSTR_S39_R1_001.fastq.gz,032024_COL_SAN_T5_162_PSTR_S39_R2_001.fastq.gz,/project/pi_sarah_gignouxwolfsohn_uml_edu/Raw_sequences/SCTLD_raw/COL/10162024,
5,032024_COL_SAN_T5_163_PSTR,Healthy,260.4,06_24_2024,70.8,,08_13_2024,19.7,UML_NARWHAL_R6_B12,,08_13_2024,4.56,UML_NARWHAL_R6_B11,,n,10/3/24,sequenced,,10/16/24,032024_COL_SAN_T5_163_PSTR_S11_R1_001.fastq.gz,032024_COL_SAN_T5_163_PSTR_S11_R2_001.fastq.gz,/project/pi_sarah_gignouxwolfsohn_uml_edu/Raw_sequences/SCTLD_raw/COL/10162024,
6,032024_COL_SAN_T5_128_MCAV,Healthy,307,06_26_2024,9.7,,08_12_2024,4.88,UML_NARWHAL_R6_B12,,08_12_2024,0.67,UML_NARWHAL_R6_B11,,n,10/3/24,sequenced,,10/16/24,032024_COL_SAN_T5_128_MCAV_S1_R1_001.fastq.gz,032024_COL_SAN_T5_128_MCAV_S1_R2_001.fastq.gz,/project/pi_sarah_gignouxwolfsohn_uml_edu/Raw_sequences/SCTLD_raw/COL/10162024,
7,032024_COL_SAN_T5_129_MCAV,Healthy,228.1,06_26_2024,9.9,,08_12_2024,3.28,UML_NARWHAL_R6_B12,,08_12_2024,0.414,UML_NARWHAL_R6_B11,,n,10/3/24,sequenced,,10/16/24,032024_COL_SAN_T5_129_MCAV_S2_R1_001.fastq.gz,032024_COL_SAN_T5_129_MCAV_S2_R2_001.fastq.gz,/project/pi_sarah_gignouxwolfsohn_uml_edu/Raw_sequences/SCTLD_raw/COL/10162024,
8,032024_COL_SAN_T5_130_MCAV,Healthy,244.7,06_26_2024,8.04,,08_12_2024,2.2,UML_NARWHAL_R6_B12,,08_12_2024,0.348,UML_NARWHAL_R6_B11,,n,10/3/24,sequenced,,10/16/24,032024_COL_SAN_T5_130_MCAV_S37_R1_001.fastq.gz,032024_COL_SAN_T5_130_MCAV_S37_R2_001.fastq.gz,/project/pi_sarah_gignouxwolfsohn_uml_edu/Raw_sequences/SCTLD_raw/COL/10162024,
9,032024_COL_SAN_T5_131_MCAV,Healthy,227.6,06_26_2024,24.8,,08_12_2024,10.6,UML_NARWHAL_R6_B12,,08_12_2024,0.884,UML_NARWHAL_R6_B11,,n,10/3/24,sequenced,,10/16/24,032024_COL_SAN_T5_131_MCAV_S3_R1_001.fastq.gz,032024_COL_SAN_T5_131_MCAV_S3_R2_001.fastq.gz,/project/pi_sarah_gignouxwolfsohn_uml_edu/Raw_sequences/SCTLD_raw/COL/10162024,
10,032024_COL_SAN_T5_132_MCAV,Healthy,214.3,06_26_2024,46.6,,08_12_2024,21.4,UML_NARWHAL_R6_B12,,08_12_2024,1.71,UML_NARWHAL_R6_B11,,n,10/3/24,sequenced,,10/16/24,032024_COL_SAN_T5_132_MCAV_S4_R1_001.fastq.gz,032024_COL_SAN_T5_132_MCAV_S4_R2_001.fastq.gz,/project/pi_sarah_gignouxwolfsohn_uml_edu/Raw_sequences/SCTLD_raw/COL/10162024,
11,032024_COL_SAN_T5_133_MCAV,Healthy,180.4,06_26_2024,21.4,,08_12_2024,8.94,UML_NARWHAL_R6_B12,,08_12_2024,1.21,UML_NARWHAL_R6_B11,,n,10/3/24,sequenced,,10/16/24,032024_COL_SAN_T5_133_MCAV_S5_R1_001.fastq.gz,032024_COL_SAN_T5_133_MCAV_S5_R2_001.fastq.gz,/project/pi_sarah_gignouxwolfsohn_uml_edu/Raw_sequences/SCTLD_raw/COL/10162024,
12,032024_COL_SAN_T5_134_MCAV,Healthy,216.4,06_26_2024,36,,08_12_2024,19.2,UML_NARWHAL_R6_B12,,08_12_2024,1.18,UML_NARWHAL_R6_B11,,n,10/3/24,sequenced,,10/16/24,032024_COL_SAN_T5_134_MCAV_S6_R1_001.fastq.gz,032024_COL_SAN_T5_134_MCAV_S6_R2_001.fastq.gz,/project/pi_sarah_gignouxwolfsohn_uml_edu/Raw_sequences/SCTLD_raw/COL/10162024,
13,032024_COL_SAN_T5_136_MCAV,Healthy,191.3,06_26_2024,33.4,,08_12_2024,16.4,UML_NARWHAL_R6_B12,,08_12_2024,1.13,UML_NARWHAL_R6_B11,,n,10/3/24,sequenced,,10/16/24,032024_COL_SAN_T5_136_MCAV_S7_R1_001.fastq.gz,032024_COL_SAN_T5_136_MCAV_S7_R2_001.fastq.gz,/project/pi_sarah_gignouxwolfsohn_uml_edu/Raw_sequences/SCTLD_raw/COL/10162024,
14,032024_COL_SAN_T5_150_MCAV,Healthy,213.4,06_26_2024,13.8,,08_12_2024,5.02,UML_NARWHAL_R6_B12,,08_12_2024,0.542,UML_NARWHAL_R6_B11,,n,10/3/24,sequenced,,10/16/24,032024_COL_SAN_T5_150_MCAV_S8_R1_001.fastq.gz,032024_COL_SAN_T5_150_MCAV_S8_R2_001.fastq.gz,/project/pi_sarah_gignouxwolfsohn_uml_edu/Raw_sequences/SCTLD_raw/COL/10162024,
15,032024_COL_SAN_T5_139_OFAV,Healthy,193.1,06_26_2024,112,,08_20_2024,41.6,UML_NARWHAL_R6_B12,,08_20_2024,8.86,UML_NARWHAL_R6_B11,,n,10/3/24,sequenced,,10/16/24,032024_COL_SAN_T5_139_OFAV_S17_R1_001.fastq.gz,032024_COL_SAN_T5_139_OFAV_S17_R2_001.fastq.gz,/project/pi_sarah_gignouxwolfsohn_uml_edu/Raw_sequences/SCTLD_raw/COL/10162024,
16,032024_COL_SAN_T5_140_OFAV,Healthy,201.5,06_26_2024,79.8,,08_20_2024,27,UML_NARWHAL_R6_B12,,08_20_2024,6.48,UML_NARWHAL_R6_B11,,n,10/3/24,sequenced,,10/16/24,032024_COL_SAN_T5_140_OFAV_S18_R1_001.fastq.gz,032024_COL_SAN_T5_140_OFAV_S18_R2_001.fastq.gz,/project/pi_sarah_gignouxwolfsohn_uml_edu/Raw_sequences/SCTLD_raw/COL/10162024,
17,032024_COL_SAN_T5_141_OFAV,Healthy,244,06_26_2024,47.8,,08_20_2024,24.6,UML_NARWHAL_R6_B12,,08_20_2024,4.68,UML_NARWHAL_R6_B11,,n,10/3/24,sequenced,,10/16/24,032024_COL_SAN_T5_141_OFAV_S19_R1_001.fastq.gz,032024_COL_SAN_T5_141_OFAV_S19_R2_001.fastq.gz,/project/pi_sarah_gignouxwolfsohn_uml_edu/Raw_sequences/SCTLD_raw/COL/10162024,
18,032024_COL_SAN_T5_166_OFAV,Healthy,287.4,06_26_2024,102,,08_20_2024,53.4,UML_NARWHAL_R6_B12,,08_20_2024,6.46,UML_NARWHAL_R6_B11,,n,10/3/24,sequenced,,10/16/24,032024_COL_SAN_T5_166_OFAV_S20_R1_001.fastq.gz,032024_COL_SAN_T5_166_OFAV_S20_R2_001.fastq.gz,/project/pi_sarah_gignouxwolfsohn_uml_edu/Raw_sequences/SCTLD_raw/COL/10162024,
19,032024_COL_SAN_T5_167_OFAV,Healthy,259,06_26_2024,88.2,,08_20_2024,47,UML_NARWHAL_R6_B12,,08_20_2024,8.6,UML_NARWHAL_R6_B11,,n,10/3/24,sequenced,,10/16/24,032024_COL_SAN_T5_167_OFAV_S21_R1_001.fastq.gz,032024_COL_SAN_T5_167_OFAV_S21_R2_001.fastq.gz,/project/pi_sarah_gignouxwolfsohn_uml_edu/Raw_sequences/SCTLD_raw/COL/10162024,
20,032024_COL_SAN_T5_143_DLAB,Healthy,176.4,06_28_2024,8.48,,08_14_2024,2,UML_NARWHAL_R6_B12,,08_14_2024,0.404,UML_NARWHAL_R6_B11,,n,10/3/24,sequenced,,10/16/24,032024_COL_SAN_T5_143_DLAB_S40_R1_001.fastq.gz,032024_COL_SAN_T5_143_DLAB_S40_R2_001.fastq.gz,/project/pi_sarah_gignouxwolfsohn_uml_edu/Raw_sequences/SCTLD_raw/COL/10162024,
21,032024_COL_SAN_T5_146_DLAB,Healthy,155.6,06_28_2024,30,,08_14_2024,5.38,UML_NARWHAL_R6_B12,,08_14_2024,0.78,UML_NARWHAL_R6_B11,,n,10/3/24,sequenced,,10/16/24,032024_COL_SAN_T5_146_DLAB_S12_R1_001.fastq.gz,032024_COL_SAN_T5_146_DLAB_S12_R2_001.fastq.gz,/project/pi_sarah_gignouxwolfsohn_uml_edu/Raw_sequences/SCTLD_raw/COL/10162024,
22,032024_COL_SAN_T5_148_DLAB,Healthy,184.9,06_28_2024,18.5,,08_14_2024,3.4,UML_NARWHAL_R6_B12,,08_14_2024,0.54,UML_NARWHAL_R6_B11,,n,10/3/24,sequenced,,10/16/24,032024_COL_SAN_T5_148_DLAB_S13_R1_001.fastq.gz,032024_COL_SAN_T5_148_DLAB_S13_R2_001.fastq.gz,/project/pi_sarah_gignouxwolfsohn_uml_edu/Raw_sequences/SCTLD_raw/COL/10162024,
23,032024_COL_SAN_T5_149_DLAB,Healthy,229.7,06_28_2024,24.4,,08_14_2024,4.72,UML_NARWHAL_R6_B12,,08_14_2024,0.828,UML_NARWHAL_R6_B11,,n,10/3/24,sequenced,,10/16/24,032024_COL_SAN_T5_149_DLAB_S14_R1_001.fastq.gz,032024_COL_SAN_T5_149_DLAB_S14_R2_001.fastq.gz,/project/pi_sarah_gignouxwolfsohn_uml_edu/Raw_sequences/SCTLD_raw/COL/10162024,
24,032024_COL_SAN_T5_158_DLAB,Healthy,189,06_28_2024,24.2,,08_14_2024,4.58,UML_NARWHAL_R6_B12,,08_14_2024,1.26,UML_NARWHAL_R6_B11,,n,10/3/24,sequenced,,10/16/24,032024_COL_SAN_T5_158_DLAB_S15_R1_001.fastq.gz,032024_COL_SAN_T5_158_DLAB_S15_R2_001.fastq.gz,/project/pi_sarah_gignouxwolfsohn_uml_edu/Raw_sequences/SCTLD_raw/COL/10162024,
25,032024_COL_SAN_T5_159_DLAB,Healthy,184.2,06_28_2024,44.8,,08_14_2024,7.06,UML_NARWHAL_R6_B12,,08_14_2024,2.32,UML_NARWHAL_R6_B11,,n,10/3/24,sequenced,,10/16/24,032024_COL_SAN_T5_159_DLAB_S16_R1_001.fastq.gz,032024_COL_SAN_T5_159_DLAB_S16_R2_001.fastq.gz,/project/pi_sarah_gignouxwolfsohn_uml_edu/Raw_sequences/SCTLD_raw/COL/10162024,
26,032024_COL_SAN_T5_160_DLAB,Healthy,214.2,06_28_2024,8.26,,08_14_2024,1.48,UML_NARWHAL_R6_B12,,08_14_2024,0.494,UML_NARWHAL_R6_B11,,n,10/3/24,sequenced,,10/16/24,032024_COL_SAN_T5_160_DLAB_S41_R1_001.fastq.gz,032024_COL_SAN_T5_160_DLAB_S41_R2_001.fastq.gz,/project/pi_sarah_gignouxwolfsohn_uml_edu/Raw_sequences/SCTLD_raw/COL/10162024,
27,032024_COL_SAN_T5_161_DLAB,Healthy,151.3,06_28_2024,5.66,,08_14_2024,1.1,UML_NARWHAL_R6_B12,,08_14_2024,0.16,UML_NARWHAL_R6_B11,,n,10/3/24,sequenced,,10/16/24,032024_COL_SAN_T5_161_DLAB_S42_R1_001.fastq.gz,032024_COL_SAN_T5_161_DLAB_S42_R2_001.fastq.gz,/project/pi_sarah_gignouxwolfsohn_uml_edu/Raw_sequences/SCTLD_raw/COL/10162024,
28,012025_COL_SAN_T5_591_MCAV,Healthy,100.2,4_22_2025,33.6,,05_19_2025,10.8,UML_NARWHAL_R6,,05_19_2025,1.39,UML_NARWHAL_R6,,n,,sequenced,,8/1/25,012025_COL_SAN_T5_591_MCAV_S24_R1_001.fastq.gz,012025_COL_SAN_T5_591_MCAV_S24_R2_001.fastq.gz,/project/pi_sarah_gignouxwolfsohn_uml_edu/Raw_sequences/SCTLD_raw/COL/012025_COL_SAN_T5_raw.tar.gz,
29,012025_COL_SAN_T5_581_MCAV,Healthy,143.4,4_23_2025,29.2,,05_19_2025,7.68,UML_NARWHAL_R6,,05_19_2025,1.92,UML_NARWHAL_R6,,n,,sequenced,,8/1/25,012025_COL_SAN_T5_581_MCAV_S14_R1_001.fastq.gz,012025_COL_SAN_T5_581_MCAV_S14_R2_001.fastq.gz,/project/pi_sarah_gignouxwolfsohn_uml_edu/Raw_sequences/SCTLD_raw/COL/012025_COL_SAN_T5_raw.tar.gz,
30,012025_COL_SAN_T5_589_MCAV,Healthy,115.8,4_30_2025,39.4,,05_19_2025,19.5,UML_NARWHAL_R6,,05_19_2025,3.64,UML_NARWHAL_R6,,n,,sequenced,,8/1/25,012025_COL_SAN_T5_589_MCAV_S22_R1_001.fastq.gz,012025_COL_SAN_T5_589_MCAV_S22_R2_001.fastq.gz,/project/pi_sarah_gignouxwolfsohn_uml_edu/Raw_sequences/SCTLD_raw/COL/012025_COL_SAN_T5_raw.tar.gz,
31,012025_COL_SAN_T5_583_MCAV,Healthy,95.6,5_1_2025,62,,05_19_2025,29.4,UML_NARWHAL_R6,,05_19_2025,4.4,UML_NARWHAL_R6,,n,,sequenced,,8/1/25,012025_COL_SAN_T5_583_MCAV_S16_R1_001.fastq.gz,012025_COL_SAN_T5_583_MCAV_S16_R2_001.fastq.gz,/project/pi_sarah_gignouxwolfsohn_uml_edu/Raw_sequences/SCTLD_raw/COL/012025_COL_SAN_T5_raw.tar.gz,
32,012025_COL_SAN_T5_588_MCAV,Healthy,226.4,5_1_2025,28.2,,05_19_2025,10.8,UML_NARWHAL_R6,,05_19_2025,1.36,UML_NARWHAL_R6,,n,,sequenced,,8/1/25,012025_COL_SAN_T5_588_MCAV_S21_R1_001.fastq.gz,012025_COL_SAN_T5_588_MCAV_S21_R2_001.fastq.gz,/project/pi_sarah_gignouxwolfsohn_uml_edu/Raw_sequences/SCTLD_raw/COL/012025_COL_SAN_T5_raw.tar.gz,
33,012025_COL_SAN_T5_594_MCAV,Healthy,115.9,5_1_2025,50.2,,05_19_2025,18.8,UML_NARWHAL_R6,,05_19_2025,3.72,UML_NARWHAL_R6,,n,,sequenced,,8/1/25,012025_COL_SAN_T5_594_MCAV_S27_R1_001.fastq.gz,012025_COL_SAN_T5_594_MCAV_S27_R2_001.fastq.gz,/project/pi_sarah_gignouxwolfsohn_uml_edu/Raw_sequences/SCTLD_raw/COL/012025_COL_SAN_T5_raw.tar.gz,
34,012025_COL_SAN_T5_578_MCAV,Healthy,125.4,4_23_2025,18.2,,5_20_2025,7.52,UML_NARWHAL_R6,,5_20_2025,1.14,UML_NARWHAL_R6,,n,,sequenced,,8/1/25,012025_COL_SAN_T5_578_MCAV_S11_R1_001.fastq.gz,012025_COL_SAN_T5_578_MCAV_S11_R2_001.fastq.gz,/project/pi_sarah_gignouxwolfsohn_uml_edu/Raw_sequences/SCTLD_raw/COL/012025_COL_SAN_T5_raw.tar.gz,
35,012025_COL_SAN_T5_593_MCAV,Healthy,119.5,4_22_2025,11.6,,5_20_2025,6.34,UML_NARWHAL_R6,,5_20_2025,1.26,UML_NARWHAL_R6,,n,,sequenced,,8/1/25,012025_COL_SAN_T5_593_MCAV_S26_R1_001.fastq.gz,012025_COL_SAN_T5_593_MCAV_S26_R2_001.fastq.gz,/project/pi_sarah_gignouxwolfsohn_uml_edu/Raw_sequences/SCTLD_raw/COL/012025_COL_SAN_T5_raw.tar.gz,
36,012025_COL_SAN_T5_574_MCAV,Healthy,125,5_1_2025,41.2,,5_20_2025,24.6,UML_NARWHAL_R6,,5_20_2025,3.72,UML_NARWHAL_R6,,n,,sequenced,,8/1/25,012025_COL_SAN_T5_574_MCAV_S7_R1_001.fastq.gz,012025_COL_SAN_T5_574_MCAV_S7_R2_001.fastq.gz,/project/pi_sarah_gignouxwolfsohn_uml_edu/Raw_sequences/SCTLD_raw/COL/012025_COL_SAN_T5_raw.tar.gz,
37,012025_COL_SAN_T5_584_OFAV,Healthy,141.1,4_23_2025,88.8,,5_20_2025,22.8,UML_NARWHAL_R6,,5_20_2025,7.24,UML_NARWHAL_R6,,n,,sequenced,,8/1/25,012025_COL_SAN_T5_584_OFAV_S17_R1_001.fastq.gz,012025_COL_SAN_T5_584_OFAV_S17_R2_001.fastq.gz,/project/pi_sarah_gignouxwolfsohn_uml_edu/Raw_sequences/SCTLD_raw/COL/012025_COL_SAN_T5_raw.tar.gz,
38,012025_COL_SAN_T5_580_OFAV,Healthy,80.8,4_23_2025,22.2,,5_20_2025,28,UML_NARWHAL_R6,,5_20_2025,4.32,UML_NARWHAL_R6,,n,,sequenced,,8/1/25,012025_COL_SAN_T5_580_OFAV_S13_R1_001.fastq.gz,012025_COL_SAN_T5_580_OFAV_S13_R2_001.fastq.gz,/project/pi_sarah_gignouxwolfsohn_uml_edu/Raw_sequences/SCTLD_raw/COL/012025_COL_SAN_T5_raw.tar.gz,
39,012025_COL_SAN_T5_568_OFAV,Healthy,137.6,4_30_2025,53.2,,5_20_2025,15.7,UML_NARWHAL_R6,,5_20_2025,5,UML_NARWHAL_R6,,n,,sequenced,,8/1/25,012025_COL_SAN_T5_568_OFAV_S1_R1_001.fastq.gz,012025_COL_SAN_T5_568_OFAV_S1_R2_001.fastq.gz,/project/pi_sarah_gignouxwolfsohn_uml_edu/Raw_sequences/SCTLD_raw/COL/012025_COL_SAN_T5_raw.tar.gz,
40,012025_COL_SAN_T5_586_DLAB,Healthy,86,4_23_2025,4.9,,5_20_2025,1.11,UML_NARWHAL_R6,,5_20_2025,0.102,UML_NARWHAL_R6,,n,,sequenced,,8/1/25,012025_COL_SAN_T5_586_DLAB_S19_R1_001.fastq.gz,012025_COL_SAN_T5_586_DLAB_S19_R2_001.fastq.gz,/project/pi_sarah_gignouxwolfsohn_uml_edu/Raw_sequences/SCTLD_raw/COL/012025_COL_SAN_T5_raw.tar.gz,
41,012025_COL_SAN_T5_587_PSTR,Healthy,55.6,4_23_2025,12,,5_20_2025,5.42,UML_NARWHAL_R6,,5_20_2025,0.632,UML_NARWHAL_R6,,n,,sequenced,,8/1/25,012025_COL_SAN_T5_587_PSTR_S20_R1_001.fastq.gz,012025_COL_SAN_T5_587_PSTR_S20_R2_001.fastq.gz,/project/pi_sarah_gignouxwolfsohn_uml_edu/Raw_sequences/SCTLD_raw/COL/012025_COL_SAN_T5_raw.tar.gz,
42,012025_COL_SAN_T5_577_PSTR,Healthy,143.6,4_23_2025,9.2,,5_28_2025,2.4,UML_NARWHAL_R6,,5_28_2025,0.514,UML_NARWHAL_R6,,n,,sequenced,,8/1/25,012025_COL_SAN_T5_577_PSTR_S10_R1_001.fastq.gz,012025_COL_SAN_T5_577_PSTR_S10_R2_001.fastq.gz,/project/pi_sarah_gignouxwolfsohn_uml_edu/Raw_sequences/SCTLD_raw/COL/012025_COL_SAN_T5_raw.tar.gz,
43,012025_COL_SAN_T5_575_DLAB,Healthy,95.5,5_1_2025,28.4,,5_28_2025,4.64,UML_NARWHAL_R6,,5_28_2025,1.71,UML_NARWHAL_R6,,n,,sequenced,,8/1/25,012025_COL_SAN_T5_575_DLAB_S8_R1_001.fastq.gz,012025_COL_SAN_T5_575_DLAB_S8_R2_001.fastq.gz,/project/pi_sarah_gignouxwolfsohn_uml_edu/Raw_sequences/SCTLD_raw/COL/012025_COL_SAN_T5_raw.tar.gz,
44,012025_COL_SAN_T5_571_DLAB,Healthy,97.3,4_23_2025,8.84,,5_28_2025,2.54,UML_NARWHAL_R6,,5_28_2025,0.334,UML_NARWHAL_R6,,n,,sequenced,,8/1/25,012025_COL_SAN_T5_571_DLAB_S4_R1_001.fastq.gz,012025_COL_SAN_T5_571_DLAB_S4_R2_001.fastq.gz,/project/pi_sarah_gignouxwolfsohn_uml_edu/Raw_sequences/SCTLD_raw/COL/012025_COL_SAN_T5_raw.tar.gz,
45,012025_COL_SAN_T5_569_DLAB,Healthy,113.5,4_30_2025,20.4,,5_28_2025,3.64,UML_NARWHAL_R6,,5_28_2025,0.708,UML_NARWHAL_R6,,n,,sequenced,,8/1/25,012025_COL_SAN_T5_569_DLAB_S2_R1_001.fastq.gz,012025_COL_SAN_T5_569_DLAB_S2_R2_001.fastq.gz,/project/pi_sarah_gignouxwolfsohn_uml_edu/Raw_sequences/SCTLD_raw/COL/012025_COL_SAN_T5_raw.tar.gz,
46,012025_COL_SAN_T5_573_PSTR,Healthy,109.1,4_23_2025,12,,5_28_2025,3.3,UML_NARWHAL_R6,,5_28_2025,0.328,UML_NARWHAL_R6,,n,,sequenced,,8/1/25,012025_COL_SAN_T5_573_PSTR_S6_R1_001.fastq.gz,012025_COL_SAN_T5_573_PSTR_S6_R2_001.fastq.gz,/project/pi_sarah_gignouxwolfsohn_uml_edu/Raw_sequences/SCTLD_raw/COL/012025_COL_SAN_T5_raw.tar.gz,
47,012025_COL_SAN_T5_576_PSTR,Healthy,78.2,4_30_2025,10.6,,5_28_2025,2.66,UML_NARWHAL_R6,,5_28_2025,0.802,UML_NARWHAL_R6,,n,,sequenced,,8/1/25,012025_COL_SAN_T5_576_PSTR_S9_R1_001.fastq.gz,012025_COL_SAN_T5_576_PSTR_S9_R2_001.fastq.gz,/project/pi_sarah_gignouxwolfsohn_uml_edu/Raw_sequences/SCTLD_raw/COL/012025_COL_SAN_T5_raw.tar.gz,
48,012025_COL_SAN_T5_579_DLAB,Healthy,155.6,4_30_2025,39.4,,5_28_2025,6.76,UML_NARWHAL_R6,,5_28_2025,1.48,UML_NARWHAL_R6,,n,,sequenced,,8/1/25,012025_COL_SAN_T5_579_DLAB_S12_R1_001.fastq.gz,012025_COL_SAN_T5_579_DLAB_S12_R2_001.fastq.gz,/project/pi_sarah_gignouxwolfsohn_uml_edu/Raw_sequences/SCTLD_raw/COL/012025_COL_SAN_T5_raw.tar.gz,
49,012025_COL_SAN_T5_595_MCAV,Healthy,171.9,4_30_2025,26.6,,5_28_2025,13.5,UML_NARWHAL_R6,,5_28_2025,1.05,UML_NARWHAL_R6,,n,,sequenced,,8/1/25,012025_COL_SAN_T5_595_MCAV_S28_R1_001.fastq.gz,012025_COL_SAN_T5_595_MCAV_S28_R2_001.fastq.gz,/project/pi_sarah_gignouxwolfsohn_uml_edu/Raw_sequences/SCTLD_raw/COL/012025_COL_SAN_T5_raw.tar.gz,
50,012025_COL_SAN_T5_582_PSTR,Healthy,121.2,4_30_2025,3.56,,5_29_2025,0.926,UML_NARWHAL_R6,,5_29_2025,0.142,UML_NARWHAL_R6,,n,,sequenced,,8/1/25,012025_COL_SAN_T5_582_PSTR_S15_R1_001.fastq.gz,012025_COL_SAN_T5_582_PSTR_S15_R2_001.fastq.gz,/project/pi_sarah_gignouxwolfsohn_uml_edu/Raw_sequences/SCTLD_raw/COL/012025_COL_SAN_T5_raw.tar.gz,
51,012025_COL_SAN_T5_585_OFAV,Healthy,132.6,5_1_2025,79.8,,5_29_2025,37.8,UML_NARWHAL_R6,,5_29_2025,6.1,UML_NARWHAL_R6,,n,,sequenced,,8/1/25,012025_COL_SAN_T5_585_OFAV_S18_R1_001.fastq.gz,012025_COL_SAN_T5_585_OFAV_S18_R2_001.fastq.gz,/project/pi_sarah_gignouxwolfsohn_uml_edu/Raw_sequences/SCTLD_raw/COL/012025_COL_SAN_T5_raw.tar.gz,
52,012025_COL_SAN_T5_572_OFAV,Healthy,133,5_1_2025,51.8,,5_29_2025,21,UML_NARWHAL_R6,,5_29_2025,4.92,UML_NARWHAL_R6,,n,,sequenced,,8/1/25,012025_COL_SAN_T5_572_OFAV_S5_R1_001.fastq.gz,012025_COL_SAN_T5_572_OFAV_S5_R2_001.fastq.gz,/project/pi_sarah_gignouxwolfsohn_uml_edu/Raw_sequences/SCTLD_raw/COL/012025_COL_SAN_T5_raw.tar.gz,
53,012025_COL_SAN_T5_590_PSTR,Healthy,136.7,4_30_2025,4.84,,5_29_2025,1.69,UML_NARWHAL_R6,,5_29_2025,0.138,UML_NARWHAL_R6,,n,,sequenced,,8/1/25,012025_COL_SAN_T5_590_PSTR_S23_R1_001.fastq.gz,012025_COL_SAN_T5_590_PSTR_S23_R2_001.fastq.gz,/project/pi_sarah_gignouxwolfsohn_uml_edu/Raw_sequences/SCTLD_raw/COL/012025_COL_SAN_T5_raw.tar.gz,
54,012025_COL_SAN_T5_592_PSTR,Healthy,134,4_30_2025,35,,5_29_2025,11.7,UML_NARWHAL_R6,,5_29_2025,2.08,UML_NARWHAL_R6,,n,,sequenced,,8/1/25,012025_COL_SAN_T5_592_PSTR_S25_R1_001.fastq.gz,012025_COL_SAN_T5_592_PSTR_S25_R2_001.fastq.gz,/project/pi_sarah_gignouxwolfsohn_uml_edu/Raw_sequences/SCTLD_raw/COL/012025_COL_SAN_T5_raw.tar.gz,
55,012025_COL_SAN_T5_596_OFAV,Healthy,173.6,5_1_2025,52.8,,5_29_2025,25.2,UML_NARWHAL_R6,,5_29_2025,3.38,UML_NARWHAL_R6,,n,,sequenced,,8/1/25,012025_COL_SAN_T5_596_OFAV_S29_R1_001.fastq.gz,012025_COL_SAN_T5_596_OFAV_S29_R2_001.fastq.gz,/project/pi_sarah_gignouxwolfsohn_uml_edu/Raw_sequences/SCTLD_raw/COL/012025_COL_SAN_T5_raw.tar.gz,
56,012025_COL_SAN_T5_570_DLAB,Healthy,149.9,5_1_2025,13.9,,5_29_2025,2.4,UML_NARWHAL_R6,,5_29_2025,0.374,UML_NARWHAL_R6,,n,,sequenced,,8/1/25,012025_COL_SAN_T5_570_DLAB_S3_R1_001.fastq.gz,012025_COL_SAN_T5_570_DLAB_S3_R2_001.fastq.gz,/project/pi_sarah_gignouxwolfsohn_uml_edu/Raw_sequences/SCTLD_raw/COL/012025_COL_SAN_T5_raw.tar.gz,
57,012025_COL_SAN_T3_374_CNAT,Healthy,145.4,06_10_2026,14.1,UML_NARWHAL_R9_B56,,,,,,,,,,,,,,,,,
58,012025_COL_SAN_T3_375_OFAV,Healthy,79.5,06_10_2026,54.6,UML_NARWHAL_R9_B56,,,,,,,,,,,,,,,,,
59,012025_COL_SAN_T3_376_OFAV,Healthy,9.9,06_10_2026,6.3,UML_NARWHAL_R9_B56,,,,,,,,,,,,,,,,,
60,012025_COL_SAN_T3_380_OFAV,Healthy,64.2,06_12_2026,106,UML_NARWHAL_R9_B56,,,,,,,,,,,,,,,,,
61,012025_COL_SAN_T3_401_MCAV,Healthy,52.1,06_12_2026,40.4,UML_NARWHAL_R9_B56,,,,,,,,,,,,,,,,,
62,012025_COL_SAN_T3_389_OFAV,Anti_D_treated1h_Tissue,107.8,06_12_2026,104,UML_NARWHAL_R9_B56,,,,,,,,,,,,,,,,,
63,012025_COL_SAN_T3_394_MCAV,Healthy,132.2,06_12_2026,102,UML_NARWHAL_R9_B56,,,,,,,,,,,,,,,,,
64,012025_COL_SAN_T3_399_MCAV,Healthy,55.2,06_12_2026,52.2,UML_NARWHAL_R9_B56,,,,,,,,,,,,,,,,,
65,012025_COL_SAN_T3_405_OFAV,Anti_D_treated24h_Tissue,85,06_15_2026,83.2,UML_NARWHAL_R9_B56,,,,,,,,,,,,,,,,,
66,012025_COL_SAN_T3_408_OFAV,Anti_D_treated24h_Tissue,48.3,06_15_2026,20,UML_NARWHAL_R9_B56,,,,,,,,,,,,,,,,,
67,012025_COL_SAN_T3_403_OFAV,Anti_D_treated24h_Tissue,99.1,06_15_2026,83.4,UML_NARWHAL_R9_B56,,,,,,,,,,,,,,,,,
68,012025_COL_SAN_T3_388_MCAV,Healthy,142.6,06_15_2026,39.2,UML_NARWHAL_R9_B56,,,,,,,,,,,,,,,,,
69,012025_COL_SAN_T3_387_DLAB,Healthy,75,06_15_2026,14.5,UML_NARWHAL_R9_B56,,,,,,,,,,,,,,,,,
70,032026_COL_SAN_T5_1480_DLAB,Healthy,123.5,06_11_2026,32.4,UML_PENGUIN_BOX_SC,,,,,,,,,,,,,,,,,
71,032026_COL_SAN_T5_1481_MCAV,Healthy,131.4,06_11_2026,28.2,UML_PENGUIN_BOX_SC,,,,,,,,,,,,,,,,,
72,032026_COL_SAN_T5_1482_PSTR,Healthy,189,06_11_2026,25.4,UML_PENGUIN_BOX_SC,,,,,,,,,,,,,,,,,
73,032026_COL_SAN_T5_1499_OFAV,Healthy,134,06_11_2026,104,UML_PENGUIN_BOX_SC,,,,,,,,,,,,,,,,,
74,032026_COL_SAN_T5_1500_OFAV,Healthy,92.3,06_11_2026,66.2,UML_PENGUIN_BOX_SC,,,,,,,,,,,,,,,,,
75,012025_COL_SAN_T3_369_OFAV,Diseased_Margin,27,06_16_2026,36.8,UML_NARWHAL_R9_B56,,,,,,,,,,,,,,,,,
76,012025_COL_SAN_T3_383_OFAV,Anti_D_treated1h_Tissue,100,06_16_2026,66.8,UML_NARWHAL_R9_B56,,,,,,,,,,,,,,,,,
77,012025_COL_SAN_T3_392_OFAV,Anti_D_treated1h_Margin,59.8,06_16_2026,8.78,UML_NARWHAL_R9_B56,,,,,,,,,,,,,,,,,
78,012025_COL_SAN_T3_395_MCAV,Healthy,72.4,06_16_2026,110,UML_NARWHAL_R9_B56,,,,,,,,,,,,,,,,,
79,012025_COL_SAN_T3_400_MCAV,Healthy,111.9,06_16_2026,57.4,UML_NARWHAL_R9_B56,,,,,,,,,,,,,,,,,
80,012025_COL_SAN_T3_368_OFAV,Diseased_Tissue,93.3,06_18_2026,104,UML_NARWHAL_R9_B56,,,,,,,,,,,,,,,,,
81,012025_COL_SAN_T3_381_OFAV,Healthy,95.9,06_18_2026,108,UML_NARWHAL_R9_B56,,,,,,,,,,,,,,,,,
82,012025_COL_SAN_T3_385_DLAB,Healthy,96.1,06_18_2026,36.6,UML_NARWHAL_R9_B56,,,,,,,,,,,,,,,,,
83,012025_COL_SAN_T3_386_DLAB,Healthy,143.2,06_18_2026,75.4,UML_NARWHAL_R9_B56,,,,,,,,,,,,,,,,,
84,012025_COL_SAN_T3_404_OFAV,Anti_D_treated24h_Margin,84.4,06_18_2026,15,UML_NARWHAL_R9_B56,,,,,,,,,,,,,,,,,
85,012025_COL_SAN_T3_370_OFAV,Diseased_Tissue,54.4,06_22_2026,93.4,UML_NARWHAL_R9_B56,,,,,,,,,,,,,,,,,
86,012025_COL_SAN_T3_378_CNAT,Healthy,179.3,06_22_2026,98.8,UML_NARWHAL_R9_B56,,,,,,,,,,,,,,,,,
87,012025_COL_SAN_T3_384_OFAV,Healthy,89.5,06_22_2026,106,UML_NARWHAL_R9_B56,,,,,,,,,,,,,,,,,
88,012025_COL_SAN_T3_393_MCAV,Healthy,99.7,06_22_2026,68.4,UML_NARWHAL_R9_B56,,,,,,,,,,,,,,,,,
89,012025_COL_SAN_T3_398_MCAV,Healthy,86.9,06_22_2026,96.4,UML_NARWHAL_R9_B56,,,,,,,,,,,,,,,,,
90,012025_COL_SAN_T3_372_OFAV,Diseased_Margin,94.7,06_24_2026,77.2,UML_NARWHAL_R9_B56,,,,,,,,,,,,,,,,,
91,012025_COL_SAN_T3_373_OFAV,Diseased_Tissue,35,06_24_2026,31.8,UML_NARWHAL_R9_B56,,,,,,,,,,,,,,,,,
92,012025_COL_SAN_T3_377_OFAV,Healthy,63.2,06_24_2026,71.2,UML_NARWHAL_R9_B56,,,,,,,,,,,,,,,,,
93,012025_COL_SAN_T3_382_OFAV,Anti_D_treated1h_Margin,96.9,06_24_2026,46.6,UML_NARWHAL_R9_B56,,,,,,,,,,,,,,,,,
94,012025_COL_SAN_T3_391_OFAV,Anti_D_treated1h_Tissue,127.9,06_24_2026,74.6,UML_NARWHAL_R9_B56,,,,,,,,,,,,,,,,,
95,012025_COL_SAN_T3_371_OFAV,Diseased_Margin,41.9,06_26_2026,83.2,UML_NARWHAL_R9_B56,,,,,,,,,,,,,,,,,
96,012025_COL_SAN_T3_379_DLAB,Healthy,31.8,06_26_2026,44.2,UML_NARWHAL_R9_B56,,,,,,,,,,,,,,,,,
97,012025_COL_SAN_T3_390_OFAV,Anti_D_treated1h_Margin,40.3,06_26_2026,14.7,UML_NARWHAL_R9_B56,,,,,,,,,,,,,,,,,
98,012025_COL_SAN_T3_396_MCAV,Healthy,69.9,06_26_2026,77.4,UML_NARWHAL_R9_B56,,,,,,,,,,,,,,,,,
99,012025_COL_SAN_T3_397_MCAV,Healthy,67.9,06_26_2026,78.8,UML_NARWHAL_R9_B56,,,,,,,,,,,,,,,,,
100,012025_COL_SAN_T3_402_OFAV,Healthy,98.3,06_29_2026,74.6,UML_NARWHAL_R9_B56,,,,,,,,,,,,,,,,,
101,012025_COL_SAN_T3_406_OFAV,Anti_D_treated24h_Margin,73.1,06_29_2026,82.4,UML_NARWHAL_R9_B56,,,,,,,,,,,,,,,,,
102,012025_COL_SAN_T3_407_OFAV,Anti_D_treated24h_Tissue,80,06_29_2026,66.4,UML_NARWHAL_R9_B56,,,,,,,,,,,,,,,,,
103,032026_COL_SAN_T3_1004_OANN,Diseased_Margin,20.2,06_29_2026,32.6,UML_NARWHAL_R9_B56,,,,,,,,,,,,,,,,,
104,032026_COL_SAN_T3_1006_OANN,Diseased_Margin,19.1,06_29_2026,26,UML_NARWHAL_R9_B56,,,,,,,,,,,,,,,,,
105,032026_COL_SAN_T3_1008_OFAV,Pale,141.2,06_29_2026,78.8,UML_NARWHAL_R9_B56,,,,,,,,,,,,,,,,,
106,032026_COL_SAN_T3_1044_OANN,Diseased_Tissue,58.6,06_29_2026,52.4,UML_NARWHAL_R9_B56,,,,,,,,,,,,,,,,,
107,032026_COL_SAN_T3_1056_OFAV,Healthy,240.5,06_29_2026,86,UML_NARWHAL_R9_B56,,,,,,,,,,,,,,,,,
108,032026_COL_SAN_T3_1005_OANN,Diseased_Tissue,88.6,07_01_2026,16.3,UML_NARWHAL_R9_B56,,,,,,,,,,,,,,,,,
109,032026_COL_SAN_T3_1010_OFAV,Diseased_Tissue,111,07_01_2026,75.6,UML_NARWHAL_R9_B56,,,,,,,,,,,,,,,,,
110,032026_COL_SAN_T3_1011_OFAV,Diseased_Margin,30.7,07_01_2026,21.8,UML_NARWHAL_R9_B56,,,,,,,,,,,,,,,,,
111,032026_COL_SAN_T3_1018_OFAV,Diseased_Tissue,114.9,07_01_2026,39.4,UML_NARWHAL_R9_B56,,,,,,,,,,,,,,,,,
112,032026_COL_SAN_T3_1019_OFAV,Diseased_Margin,42.9,07_01_2026,18.2,UML_NARWHAL_R9_B56,,,,,,,,,,,,,,,,,
113,032026_COL_SAN_T3_1022_OFAV,Diseased_Tissue,150,07_01_2026,79.6,UML_NARWHAL_R9_B56,,,,,,,,,,,,,,,,,
114,032026_COL_SAN_T3_1031_OANN,Healthy,144.4,07_01_2026,88.8,UML_NARWHAL_R9_B56,,,,,,,,,,,,,,,,,
115,032026_COL_SAN_T3_1050_OFAV,Healthy,190.9,07_01_2026,92.2,UML_NARWHAL_R9_B56,,,,,,,,,,,,,,,,,
116,032026_COL_SAN_T3_1053_OFAV,Healthy,49.6,07_01_2026,60.8,UML_NARWHAL_R9_B56,,,,,,,,,,,,,,,,,
117,032026_COL_SAN_T3_1013_OFAV,Diseased_Tissue,133.9,07_06_2026,74.8,UML_NARWHAL_R9_B48,,,,,,,,,,,,,,,,,
118,032026_COL_SAN_T3_1020_OFAV,Diseased_Tissue,208.3,07_06_2026,54.8,UML_NARWHAL_R9_B48,,,,,,,,,,,,,,,,,
119,032026_COL_SAN_T3_1021_OFAV,Diseased_Margin,63.5,07_06_2026,67.4,UML_NARWHAL_R9_B48,,,,,,,,,,,,,,,,,
120,032026_COL_SAN_T3_1026_OFAV,Healthy,175.7,07_06_2026,94,UML_NARWHAL_R9_B48,,,,,,,,,,,,,,,,,
121,032026_COL_SAN_T3_1029_OANN,Healthy,196.8,07_06_2026,42.8,UML_NARWHAL_R9_B48,,,,,,,,,,,,,,,,,
122,032026_COL_SAN_T3_1030_OFAV,Healthy,181.7,07_06_2026,>120,UML_NARWHAL_R9_B48,,,,,,,,,,,,,,,,,
123,032026_COL_SAN_T3_1033_OFAV,Healthy,139.6,07_06_2026,94.4,UML_NARWHAL_R9_B48,,,,,,,,,,,,,,,,,
124,032026_COL_SAN_T3_1040_OFAV,Diseased_Tissue,39.6,07_06_2026,21.6,UML_NARWHAL_R9_B48,,,,,,,,,,,,,,,,,
125,032026_COL_SAN_T3_1041_OFAV,Diseased_Tissue,43.1,07_06_2026,36.8,UML_NARWHAL_R9_B48,,,,,,,,,,,,,,,,,
126,032026_COL_SAN_T3_1042_OFRA,Diseased_Tissue,255,07_06_2026,58.6,UML_NARWHAL_R9_B48,,,,,,,,,,,,,,,,,
127,032026_COL_SAN_T3_1048_OFAV,Healthy,230,07_06_2026,90.2,UML_NARWHAL_R9_B48,,,,,,,,,,,,,,,,,
128,032026_COL_SAN_T3_1049_OANN,Healthy,121.8,07_06_2026,27.6,UML_NARWHAL_R9_B48,,,,,,,,,,,,,,,,,
129,032026_COL_SAN_T3_1054_OFAV,Healthy,189.2,07_06_2026,98.4,UML_NARWHAL_R9_B48,,,,,,,,,,,,,,,,,
130,032026_COL_SAN_T3_1003_OANN,Diseased_Tissue,34.4,07_08_2026,10.7,UML_NARWHAL_R9_B48,,,,,,,,,,,,,,,,,
131,032026_COL_SAN_T3_1007_OFAV,Diseased_Tissue,197.2,07_08_2026,68.6,UML_NARWHAL_R9_B48,,,,,,,,,,,,,,,,,
132,032026_COL_SAN_T3_1012_OFAV,Diseased_Tissue,246.2,07_08_2026,44.4,UML_NARWHAL_R9_B48,,,,,,,,,,,,,,,,,
133,032026_COL_SAN_T3_1017_OFAV,Diseased_Margin,70.4,07_08_2026,6.32,UML_NARWHAL_R9_B48,,,,,,,,,,,,,,,,,
134,032026_COL_SAN_T3_1025_OFAV,Healthy,162.5,07_08_2026,79.6,UML_NARWHAL_R9_B48,,,,,,,,,,,,,,,,,
135,032026_COL_SAN_T3_1034_OANN,Healthy,214.7,07_08_2026,11.6,UML_NARWHAL_R9_B48,,,,,,,,,,,,,,,,,
136,032026_COL_SAN_T3_1036_OFAV,Healthy,129.6,07_08_2026,110,UML_NARWHAL_R9_B48,,,,,,,,,,,,,,,,,
137,032026_COL_SAN_T3_1039_OFAV,Diseased_Tissue,88.5,07_08_2026,87.6,UML_NARWHAL_R9_B48,,,,,,,,,,,,,,,,,
138,032026_COL_SAN_T3_1046_OFAV,Diseased_Tissue,32.5,07_08_2026,12.8,UML_NARWHAL_R9_B48,,,,,,,,,,,,,,,,,
139,032026_COL_SAN_T3_1052_OANN,Healthy,67.5,07_08_2026,10.7,UML_NARWHAL_R9_B48,,,,,,,,,,,,,,,,,
140,032026_COL_SAN_T3_1055_OANN,Healthy,130.7,07_08_2026,11.3,UML_NARWHAL_R9_B48,,,,,,,,,,,,,,,,,
141,032026_COL_SAN_T3_1009_OFAV,Diseased_Margin,50.6,07_10_2026,2.22,UML_NARWHAL_R9_B48,,,,,,,,,,,,,,,,,
142,032026_COL_SAN_T3_1014_OFAV,Diseased_Margin,103.7,07_10_2026,99.2,UML_NARWHAL_R9_B48,,,,,,,,,,,,,,,,,
143,032026_COL_SAN_T3_1015_OFAV,Diseased_Margin,81,07_10_2026,9.44,UML_NARWHAL_R9_B48,,,,,,,,,,,,,,,,,
144,032026_COL_SAN_T3_1016_OFAV,Diseased_Tissue,163.3,07_10_2026,9.8,UML_NARWHAL_R9_B48,,,,,,,,,,,,,,,,,
145,032026_COL_SAN_T3_1023_OFAV,Healthy,117.4,07_10_2026,96.8,UML_NARWHAL_R9_B48,,,,,,,,,,,,,,,,,
146,032026_COL_SAN_T3_1027_OFAV,Healthy,91.4,07_10_2026,82.8,UML_NARWHAL_R9_B48,,,,,,,,,,,,,,,,,
147,032026_COL_SAN_T3_1028_OANN,Healthy,126,07_10_2026,14.5,UML_NARWHAL_R9_B48,,,,,,,,,,,,,,,,,
148,032026_COL_SAN_T3_1032_OFAV,Healthy,169.4,07_10_2026,97.8,UML_NARWHAL_R9_B48,,,,,,,,,,,,,,,,,
149,032026_COL_SAN_T3_1035_OFAV,Healthy,137.8,07_10_2026,81.6,UML_NARWHAL_R9_B48,,,,,,,,,,,,,,,,,
150,032026_COL_SAN_T3_1038_OFAV,Diseased_Tissue,77.3,07_10_2026,82.2,UML_NARWHAL_R9_B48,,,,,,,,,,,,,,,,,
151,032026_COL_SAN_T3_1047_OFAV,Healthy,128.6,07_10_2026,24.8,UML_NARWHAL_R9_B48,,,,,,,,,,,,,,,,,
152,032026_COL_SAN_T3_1024_OFAV,Healthy,144.7,07_13_2026,94.4,UML_NARWHAL_R9_B48,,,,,,,,,,,,,,,,,
153,032026_COL_SAN_T3_1037_OANN,Diseased_Tissue,2.6,07_13_2026,6.24,UML_NARWHAL_R9_B48,,,,,,,,,,,,,,,,,
154,032026_COL_SAN_T3_1043_OFAV,Diseased_Tissue,94.2,07_13_2026,33.2,UML_NARWHAL_R9_B48,,,,,,,,,,,,,,,,,
155,032026_COL_SAN_T3_1045_OFAV,Diseased_Tissue,93.5,07_13_2026,32.8,UML_NARWHAL_R9_B48,,,,,,,,,,,,,,,,,
156,032026_COL_SAN_T3_1051_OANN,Healthy,156.2,07_13_2026,83,UML_NARWHAL_R9_B48,,,,,,,,,,,,,,,,,
157,032026_COL_SAN_T3_1057_OFAV,Healthy,110.3,07_13_2026,94.8,UML_NARWHAL_R9_B48,,,,,,,,,,,,,,,,,
158,032026_COL_SAN_T3_983_MCAV,Healthy,106.7,07_13_2026,96.4,UML_NARWHAL_R9_B48,,,,,,,,,,,,,,,,,
159,032026_COL_SAN_T3_984_MCAV,Healthy,94.9,07_13_2026,112,UML_NARWHAL_R9_B48,,,,,,,,,,,,,,,,,
160,032026_COL_SAN_T3_990_DLAB,Healthy,138.8,07_13_2026,66,UML_NARWHAL_R9_B48,,,,,,,,,,,,,,,,,
161,032026_COL_SAN_T3_991_CNAT,Healthy,327.3,07_13_2026,17.9,UML_NARWHAL_R9_B48,,,,,,,,,,,,,,,,,
162,032026_COL_SAN_T3_993_DLAB,Healthy,209.8,07_13_2026,44,UML_NARWHAL_R9_B48,,,,,,,,,,,,,,,,,
163,032026_COL_SAN_T3_995_DLAB,Healthy,226.9,07_13_2026,39,UML_NARWHAL_R9_B48,,,,,,,,,,,,,,,,,
164,032026_COL_SAN_T3_1000_OANN,Diseased_Margin,41,07_13_2026,13.8,UML_NARWHAL_R9_B48,,,,,,,,,,,,,,,,,
165,032026_COL_SAN_T5_1484_MCAV,Healthy,215.6,06_30_2026,50.4,UML_PENGUIN_BOX_SC,,,,,,,,,,,,,,,,,
166,032026_COL_SAN_T5_1502_PSTR,Healthy,159,06_30_2026,39.4,UML_PENGUIN_BOX_SC,,,,,,,,,,,,,,,,,
167,032026_COL_SAN_T5_1508_OFAV,Healthy,161.8,06_30_2026,108,UML_PENGUIN_BOX_SC,,,,,,,,,,,,,,,,,
168,032026_COL_SAN_T5_1534_OFRA,Diseased_Tissue,158.9,06_30_2026,59.8,UML_PENGUIN_BOX_SC,,,,,,,,,,,,,,,,,
169,032026_COL_SAN_T5_1552_OFRA,Diseased_Tissue,149.1,06_30_2026,95.6,UML_PENGUIN_BOX_SC,,,,,,,,,,,,,,,,,
170,032026_COL_SAN_T5_1498_OFAV,Healthy,155.3,07_02_2026,>120,UML_PENGUIN_BOX_SC,,,,,,,,,,,,,,,,,
171,032026_COL_SAN_T5_1503_PSTR,Healthy,165.9,07_02_2026,104,UML_PENGUIN_BOX_SC,,,,,,,,,,,,,,,,,
172,032026_COL_SAN_T5_1537_OFAV,Healthy,144.3,07_02_2026,>120,UML_PENGUIN_BOX_SC,,,,,,,,,,,,,,,,,
173,032026_COL_SAN_T5_1553_OFRA,Diseased_Margin,64.1,07_02_2026,12.3,UML_PENGUIN_BOX_SC,,,,,,,,,,,,,,,,,
174,032026_COL_SAN_T5_1572_OFAV,Diseased_Margin,176.5,07_02_2026,116,UML_PENGUIN_BOX_SC,,,,,,,,,,,,,,,,,
175,032026_COL_SAN_T3_985_MCAV,Healthy,52.8,07_15_2026,99.2,,,,,,,,,,,,,,,,,,
176,032026_COL_SAN_T3_986_MCAV,Healthy,109.3,07_15_2026,47.6,,,,,,,,,,,,,,,,,,
177,032026_COL_SAN_T3_987_MCAV,Healthy,71.5,07_15_2026,71.4,,,,,,,,,,,,,,,,,,
178,032026_COL_SAN_T3_988_MCAV,Healthy,217,07_15_2026,5.78,,,,,,,,,,,,,,,,,,
179,032026_COL_SAN_T3_989_MCAV,Healthy,213.5,07_15_2026,7.7,,,,,,,,,,,,,,,,,,
180,032026_COL_SAN_T3_992_CNAT,Healthy,157.6,07_15_2026,55,,,,,,,,,,,,,,,,,,
181,032026_COL_SAN_T3_994_DLAB,Healthy,162.2,07_15_2026,11.5,,,,,,,,,,,,,,,,,,
182,032026_COL_SAN_T3_996_MCAV,Healthy,142.8,07_15_2026,69.8,,,,,,,,,,,,,,,,,,
183,032026_COL_SAN_T3_997_MCAV,Healthy,231.3,07_15_2026,6.76,,,,,,,,,,,,,,,,,,
184,032026_COL_SAN_T3_998_MCAV,Healthy,220,07_15_2026,40.2,,,,,,,,,,,,,,,,,,
185,032026_COL_SAN_T3_999_OANN,Diseased_Tissue,107.3,07_15_2026,19.1,,,,,,,,,,,,,,,,,,
186,032026_COL_SAN_T3_1001_OANN,Diseased_Tissue,55.5,07_15_2026,13.4,,,,,,,,,,,,,,,,,,
187,032026_COL_SAN_T3_1002_OANN,Diseased_Margin,32.1,07_15_2026,13.4,,,,,,,,,,,,,,,,,,
188,032026_COL_SAN_T5_1501_MCAV,Healthy,114.2,7_09_2026,37.4,UML_PENGUIN_BOX_SC,,,,,,,,,,,,,,,,,
189,032026_COL_SAN_T5_1520_OFRA,Diseased_Margin,165.3,7_09_2027,8.72,UML_PENGUIN_BOX_SC,,,,,,,,,,,,,,,,,
190,032026_COL_SAN_T5_1531_OFAV,Healthy,203,7_09_2028,118,UML_PENGUIN_BOX_SC,,,,,,,,,,,,,,,,,
191,032026_COL_SAN_T5_1561_OFAV,Diseased_Margin,156.6,7_09_2029,49.2,UML_PENGUIN_BOX_SC,,,,,,,,,,,,,,,,,
192,032026_COL_SAN_T5_1567_OFAV,Healthy,137.5,7_09_2030,116,UML_PENGUIN_BOX_SC,,,,,,,,,,,,,,,,,
193,032026_COL_SAN_T5_1486_DLAB,Healthy,174.7,7_13_2026,8.74,UML_PENGUIN_BOX_SC,,,,,,,,,,,,,,,,,
194,032026_COL_SAN_T5_1519_OFRA,Diseased_Tissue,87.2,7_13_2026,9.2,UML_PENGUIN_BOX_SC,,,,,,,,,,,,,,,,,
195,032026_COL_SAN_T5_1545_OFAV,Diseased_Tissue,214.3,7_13_2026,93,UML_PENGUIN_BOX_SC,,,,,,,,,,,,,,,,,
196,032026_COL_SAN_T5_1558_OFAV,Diseased_Tissue,211.5,7_13_2026,49.2,UML_PENGUIN_BOX_SC,,,,,,,,,,,,,,,,,
197,032026_COL_SAN_T5_1568_OFAV,Diseased_Tissue,149.1,7_13_2026,110,UML_PENGUIN_BOX_SC,,,,,,,,,,,,,,,,,
198,032026_COL_SAN_T5_1509_OFAV,Healthy,47.2,8_6_2026,7.84,UML_PENGUIN_BOX_SC,,,,,,,,,,,,,,,,,
199,032026_COL_SAN_T5_1529_OFAV,Healthy,184.9,8_6_2026,86,UML_PENGUIN_BOX_SC,,,,,,,,,,,,,,,,,
200,032026_COL_SAN_T5_1530_OFAV,Healthy,209.5,8_6_2026,114,UML_PENGUIN_BOX_SC,,,,,,,,,,,,,,,,,
201,032026_COL_SAN_T5_1533_OFAV,Diseased_Tissue,40.8,8_6_2026,8.82,UML_PENGUIN_BOX_SC,,,,,,,,,,,,,,,,,
202,032026_COL_SAN_T5_1543_OFRA,Diseased_Tissue,256.5,8_6_2026,104,UML_PENGUIN_BOX_SC,,,,,,,,,,,,,,,,,
203,032026_COL_SAN_T5_1546_OFAV,Healthy,125.1,8_6_2026,20.6,UML_PENGUIN_BOX_SC,,,,,,,,,,,,,,,,,
204,032026_COL_SAN_T5_1555_ORBI,Diseased_Margin,112.9,8_6_2026,12.2,UML_PENGUIN_BOX_SC,,,,,,,,,,,,,,,,,
205,032026_COL_SAN_T5_1559_OFAV,Healthy,156.8,8_6_2026,94,UML_PENGUIN_BOX_SC,,,,,,,,,,,,,,,,,
206,032026_COL_SAN_T5_1569_OFAV,Diseased_Margin,79,8_6_2026,38,UML_PENGUIN_BOX_SC,,,,,,,,,,,,,,,,,
207,032026_COL_SAN_T5_1475_PSTR,Healthy,110.7,8_18_2026,1.97,UML_PENGUIN_BOX_SC,,,,,,,,,,,,,,,,,
208,032026_COL_SAN_T5_1493_DLAB,Healthy,114.5,8_18_2026,33.8,UML_PENGUIN_BOX_SC,,,,,,,,,,,,,,,,,
209,032026_COL_SAN_T5_1504_DLAB,Healthy,172.2,8_18_2026,52.8,UML_PENGUIN_BOX_SC,,,,,,,,,,,,,,,,,
210,032026_COL_SAN_T5_1511_OFAV,Diseased_Tissue,208.9,8_18_2026,106,UML_PENGUIN_BOX_SC,,,,,,,,,,,,,,,,,
211,032026_COL_SAN_T5_1524_OFRA,Diseased_Margin,26.7,8_18_2026,6.18,UML_PENGUIN_BOX_SC,,,,,,,,,,,,,,,,,
212,032026_COL_SAN_T5_1527_OFAV,Healthy,154.5,8_18_2026,8.02,UML_PENGUIN_BOX_SC,,,,,,,,,,,,,,,,,
213,032026_COL_SAN_T5_1544_OFAV,Diseased_Tissue,178.5,8_18_2026,106,UML_PENGUIN_BOX_SC,,,,,,,,,,,,,,,,,
214,032026_COL_SAN_T5_1556_ORBI,Healthy,126,8_18_2026,6.28,UML_PENGUIN_BOX_SC,,,,,,,,,,,,,,,,,
215,032026_COL_SAN_T5_1565_OFAV,Healthy,155.2,8_18_2026,107,UML_PENGUIN_BOX_SC,,,,,,,,,,,,,,,,,
216,032026_COL_SAN_T5_1476_MCAV,Healthy,238.3,8_20_2026,42,UML_PENGUIN_BOX_SC,,,,,,,,,,,,,,,,,
217,032026_COL_SAN_T5_1483_MCAV,Healthy,138.2,8_20_2026,42.6,UML_PENGUIN_BOX_SC,,,,,,,,,,,,,,,,,
218,032026_COL_SAN_T5_1487_DLAB,Healthy,42.5,8_20_2026,22.6,UML_PENGUIN_BOX_SC,,,,,,,,,,,,,,,,,
219,032026_COL_SAN_T5_1512_OFAV,Diseased_Margin,139.1,8_20_2026,102,UML_PENGUIN_BOX_SC,,,,,,,,,,,,,,,,,
220,032026_COL_SAN_T5_1525_OFRA,Diseased_Margin,65.1,8_20_2026,27.6,UML_PENGUIN_BOX_SC,,,,,,,,,,,,,,,,,
221,032026_COL_SAN_T5_1542_OFRA,Diseased_Tissue,82.3,8_20_2026,9.5,UML_PENGUIN_BOX_SC,,,,,,,,,,,,,,,,,
222,032026_COL_SAN_T5_1550_OFRA,Diseased_Tissue,230.9,8_20_2026,108,UML_PENGUIN_BOX_SC,,,,,,,,,,,,,,,,,
223,032026_COL_SAN_T5_1562_ORBI,Diseased_Margin,69.1,8_20_2026,6.66,UML_PENGUIN_BOX_SC,,,,,,,,,,,,,,,,,
224,032026_COL_SAN_T5_1571_OFAV,Diseased_Tissue,110.6,8_20_2026,86,UML_PENGUIN_BOX_SC,,,,,,,,,,,,,,,,,
225,032026_COL_SAN_T5_1495_OFRA,Healthy,187.6,8_31_2026,108,UML_PENGUIN_BOX_SC,,,,,,,,,,,,,,,,,
226,032026_COL_SAN_T5_1505_DLAB,Healthy,235,8_31_2026,62,UML_PENGUIN_BOX_SC,,,,,,,,,,,,,,,,,
227,032026_COL_SAN_T5_1515_OFAV,Diseased_Tissue,156.1,8_31_2026,99.2,UML_PENGUIN_BOX_SC,,,,,,,,,,,,,,,,,
228,032026_COL_SAN_T5_1518_OFAV,Diseased_Margin,77,8_31_2026,54,UML_PENGUIN_BOX_SC,,,,,,,,,,,,,,,,,
229,032026_COL_SAN_T5_1521_OFRA,Diseased_Tissue,136.2,8_31_2026,93,UML_PENGUIN_BOX_SC,,,,,,,,,,,,,,,,,
230,032026_COL_SAN_T5_1523_OFRA,Diseased_Tissue,48.5,8_31_2026,10.4,UML_PENGUIN_BOX_SC,,,,,,,,,,,,,,,,,
231,032026_COL_SAN_T5_1547_OFAV,Healthy,167,8_31_2026,89.8,UML_PENGUIN_BOX_SC,,,,,,,,,,,,,,,,,
232,032026_COL_SAN_T5_1554_OANN,Diseased_Tissue,109.7,8_31_2026,7.8,UML_PENGUIN_BOX_SC,,,,,,,,,,,,,,,,,
233,032026_COL_SAN_T5_1557_OFAV,Diseased_Tissue,132.2,8_31_2026,75,UML_PENGUIN_BOX_SC,,,,,,,,,,,,,,,,,
234,032026_COL_SAN_T5_1477_MCAV,Healthy,174,9_2_2026,32.8,UML_PENGUIN_BOX_SC,,,,,,,,,,,,,,,,,
235,032026_COL_SAN_T5_1496_OFAV,Healthy,148.5,9_2_2026,81.2,UML_PENGUIN_BOX_SC,,,,,,,,,,,,,,,,,
236,032026_COL_SAN_T5_1507_OFAV,Healthy,208.5,9_2_2026,97.6,UML_PENGUIN_BOX_SC,,,,,,,,,,,,,,,,,
237,032026_COL_SAN_T5_1513_OFAV,Diseased_Margin,186.1,9_2_2026,56.4,UML_PENGUIN_BOX_SC,,,,,,,,,,,,,,,,,
238,032026_COL_SAN_T5_1526_OFRA,Diseased_Tissue,165.1,9_2_2026,81.2,UML_PENGUIN_BOX_SC,,,,,,,,,,,,,,,,,
239,032026_COL_SAN_T5_1535_OFRA,Diseased_Tissue,70.8,9_2_2026,17.4,UML_PENGUIN_BOX_SC,,,,,,,,,,,,,,,,,
240,032026_COL_SAN_T5_1538_OFAV,Healthy,186.7,9_2_2026,0.11,UML_PENGUIN_BOX_SC,,,,,,,,,,,,,,,,,
241,032026_COL_SAN_T5_1549_OFRA,Healthy,173.2,9_2_2026,102,UML_PENGUIN_BOX_SC,,,,,,,,,,,,,,,,,
242,032026_COL_SAN_T5_1564_OFAV,Healthy,179.3,9_2_2026,92,UML_PENGUIN_BOX_SC,,,,,,,,,,,,,,,,,